Vintage,Month1,Month2,Month3,Month4,Month5,Month6,Month7,Month8,Month9,Month10,Month11,Month12,Month13,Month14,Month15,Month16
2022-04,0.0,0.0,0.0,0.58,1.36,2.07,2.65,3.08,3.39,3.59,3.73,3.81,3.86,3.89,3.91,3.92
2022-05,0.0,0.0,0.0,0.47,1.12,1.75,2.3,2.73,3.07,3.32,3.5,3.62,3.7,3.75,3.79,3.81
2022-06,0.0,0.0,0.0,0.53,1.22,1.85,2.36,2.73,3.0,3.17,3.28,3.35,3.39,3.42,3.43,3.44
2022-07,0.0,0.0,0.0,0.49,1.14,1.76,2.27,2.67,2.95,3.16,3.29,3.38,3.44,3.47,3.49,3.51
2022-08,0.0,0.0,0.0,0.49,1.15,1.76,2.25,2.62,2.89,3.07,3.19,3.27,3.31,3.34,3.36,3.37
2022-09,0.0,0.0,0.0,0.41,0.99,1.54,2.01,2.39,2.68,2.9,3.05,3.15,3.22,3.26,3.29,3.31
2022-10,0.0,0.0,0.0,0.38,0.9,1.4,1.85,2.2,2.48,2.68,2.83,2.93,3.0,3.05,3.08,3.1
2022-11,0.0,0.0,0.0,0.44,1.03,1.58,2.02,2.36,2.6,2.76,2.87,2.94,2.98,3.0,3.02,3.03
2022-12,0.0,0.0,0.0,0.43,0.99,1.52,1.94,2.26,2.49,2.64,2.74,2.81,2.84,2.87,2.88,2.89
2023-01,0.0,0.0,0.0,0.38,0.89,1.38,1.79,2.1,2.34,2.51,2.62,2.69,2.74,2.77,2.79,
2023-02,0.0,0.0,0.0,0.37,0.86,1.32,1.7,1.99,2.19,2.34,2.43,2.49,2.53,2.55,,
2023-03,0.0,0.0,0.0,0.35,0.83,1.28,1.65,1.95,2.16,2.31,2.41,2.48,2.53,,,
2023-04,0.0,0.0,0.0,0.32,0.75,1.15,1.48,1.74,1.93,2.06,2.15,2.21,,,,
2023-05,0.0,0.0,0.0,0.29,0.69,1.07,1.4,1.66,1.85,1.99,2.08,,,,,
2023-06,0.0,0.0,0.0,0.27,0.64,1.0,1.31,1.55,1.73,1.86,,,,,,
2023-07,0.0,0.0,0.0,0.3,0.71,1.09,1.4,1.64,1.82,,,,,,,
2023-08,0.0,0.0,0.0,0.26,0.6,0.92,1.18,1.37,,,,,,,,
2023-09,0.0,0.0,0.0,0.21,0.5,0.79,1.03,,,,,,,,,
2023-10,0.0,0.0,0.0,0.23,0.53,0.8,,,,,,,,,,
2023-11,0.0,0.0,0.0,0.17,0.4,,,,,,,,,,,
2023-12,0.0,0.0,0.0,0.17,,,,,,,,,,,,
