transaction_amount,recent_7d_payment_methods_count,num_recent_login_failures,account_age_days,is_domestic_ip,label
703.9,0,1,258,True,0
4515.18,4,0,249,True,0
1975.12,2,0,77,True,0
1369.41,1,0,180,True,0
254.44,2,0,66,True,0
254.39,2,0,308,True,0
89.76,2,1,348,True,0
3016.85,1,0,171,True,0
1378.62,6,1,22,True,0
1846.88,1,0,107,True,0
31.2,1,1,323,True,0
5255.34,0,0,227,True,0
2679.64,0,1,216,True,0
358.03,2,2,69,True,0
301.02,0,1,84,True,0
303.92,1,0,103,False,0
544.13,2,1,39,True,0
1115.89,2,1,13,True,0
848.31,0,1,297,True,0
516.33,1,1,313,False,0
1419.56,5,1,181,True,0
225.35,2,2,268,False,0
518.27,4,2,13,True,0
684.42,2,4,120,True,0
913.4,0,0,353,False,0
2306.9,1,1,57,True,0
334.1,1,1,40,True,0
1083.04,0,1,336,True,0
1346.26,0,1,128,False,0
71.35,2,0,173,True,0
1403.0,1,1,35,True,0
280.44,2,0,259,True,0
100.9,3,0,5,True,0
4460.53,1,1,218,False,0
5055.95,2,1,11,True,1
2478.5,2,1,327,True,0
544.93,1,0,117,False,0
154.17,0,1,184,True,0
1729.13,0,1,362,True,0
870.14,2,1,116,True,0
195.23,4,0,162,True,0
1025.32,2,0,67,True,0
52.49,0,0,200,True,0
3600.63,1,1,31,True,0
449.19,1,3,75,True,0
1629.38,2,1,237,True,0
560.32,2,0,327,True,0
1101.17,5,0,66,True,0
1186.84,0,3,70,True,0
306.58,1,1,297,False,0
5239.21,1,0,20,True,1
2238.37,1,1,226,True,0
4207.64,0,0,199,True,0
3378.23,1,0,39,True,0
1366.58,2,3,145,True,0
3824.15,2,0,45,True,0
138.98,2,1,326,True,0
327.2,6,0,91,False,0
69.42,3,2,238,True,0
590.3,0,0,70,True,0
738.2,2,0,166,True,0
474.84,1,0,130,True,0
2646.84,2,2,214,True,0
661.84,3,1,340,True,0
494.7,1,1,89,True,0
1173.61,2,3,335,True,0
227.85,3,1,252,True,0
2430.73,3,0,349,True,0
116.21,2,0,72,True,0
6501.22,2,0,165,True,0
2219.23,1,1,49,True,0
332.31,0,2,52,True,0
8.31,1,0,289,True,0
2534.85,1,0,278,False,0
1840.64,4,1,114,True,0
1958.49,1,1,239,True,0
2212.82,0,0,133,True,0
115.39,1,1,274,True,0
665.84,3,0,166,True,0
184.73,2,1,293,False,0
2982.79,0,1,243,True,0
1464.45,2,0,320,False,0
602.73,0,1,138,False,0
98.5,2,1,79,True,0
558.73,1,0,170,True,0
589.97,2,1,123,True,0
1961.81,2,2,176,True,0
1522.33,3,1,300,False,0
3273.38,0,0,82,True,0
958.6,0,2,87,False,0
191.06,2,0,225,True,0
1873.69,2,0,16,False,0
2145.59,5,0,310,False,1
1235.83,0,3,358,True,0
2210.83,0,2,163,True,0
1021.22,3,4,98,True,1
1109.52,0,0,156,True,0
836.72,0,1,2,False,0
38.62,2,2,350,True,0
171.25,1,1,169,True,0
47.9,1,0,315,True,0
1517.59,2,0,325,True,0
566.1,0,1,92,True,0
1065.66,0,0,181,True,0
3571.9,1,2,231,True,0
430.11,1,1,301,True,0
792.42,3,0,148,True,0
2113.12,1,0,280,True,0
389.71,2,0,189,True,0
120.16,2,1,347,True,0
513.21,1,2,350,True,0
263.71,1,0,314,True,0
3982.43,0,1,128,True,0
2476.33,1,2,7,True,0
1505.24,0,3,47,False,0
3077.28,1,0,53,True,0
2441.95,3,0,187,False,1
309.74,0,1,38,True,0
3346.22,0,1,226,True,0
1162.65,2,2,53,True,0
2471.02,1,1,224,True,0
3396.36,4,0,154,True,0
574.1,2,0,48,True,0
174.89,3,0,351,True,0
388.03,3,1,147,True,0
835.59,0,0,64,True,0
2555.74,1,2,349,True,0
2957.02,1,1,182,True,0
10.46,2,1,125,True,0
1072.31,3,0,179,True,0
810.41,1,0,39,True,0
376.75,3,2,260,True,0
191.52,1,4,3,True,0
617.86,0,2,64,False,0
4294.68,1,0,29,True,0
585.58,3,0,11,True,0
1097.18,1,2,97,True,0
1821.13,1,1,358,True,0
677.96,2,0,203,True,0
5351.7,4,1,21,True,1
4923.01,1,0,39,True,0
435.09,1,2,223,True,0
1031.49,3,1,102,True,0
536.9,2,0,46,True,0
502.87,2,0,66,True,0
56.38,2,1,91,True,0
1410.74,2,3,164,True,0
1047.78,1,2,111,True,0
79.28,0,0,338,True,0
489.94,2,0,123,True,0
3583.29,1,1,193,True,0
410.79,1,0,99,False,0
234.8,2,1,291,True,0
1008.41,0,1,159,False,0
6366.06,0,2,103,True,0
415.72,1,0,281,True,0
1672.73,2,0,43,True,0
2150.83,2,1,84,True,0
407.0,0,0,191,True,0
1954.12,0,0,51,True,0
687.78,3,1,210,True,0
1500.76,3,1,126,False,0
1505.76,0,1,69,True,0
1151.08,1,1,265,True,0
141.94,2,1,258,True,0
2705.47,0,1,188,True,0
580.22,2,2,230,True,0
309.65,1,0,189,True,0
62.44,0,1,10,False,0
1340.67,2,0,114,True,0
1697.78,4,2,76,True,0
25.09,2,1,164,True,0
1076.45,0,1,85,False,0
385.24,1,3,49,True,0
1554.19,0,0,326,True,0
287.41,2,1,177,True,0
1761.32,3,3,218,True,1
733.44,4,0,189,True,0
4140.52,3,0,346,True,0
221.92,3,0,230,False,0
625.7,2,1,255,False,0
180.67,0,1,236,True,0
3879.29,2,1,26,True,0
3147.5,4,0,72,True,0
447.49,3,1,261,False,0
1618.14,4,1,254,True,0
2549.23,1,2,271,True,0
1215.2,1,1,123,True,0
1131.42,1,1,144,True,0
415.32,2,4,257,True,0
146.59,1,1,144,True,0
3412.68,1,1,259,True,0
3460.16,0,1,47,False,0
1504.0,3,1,351,True,0
621.07,2,3,13,True,0
644.35,1,1,208,True,0
1941.7,1,0,311,True,0
3411.15,2,2,235,True,0
3271.7,5,0,149,True,0
2270.34,0,1,322,True,0
1540.97,0,0,155,False,0
131.84,2,0,166,True,0
264.44,1,0,90,True,0
3432.35,2,3,186,True,0
1398.74,1,0,318,True,0
13.86,1,3,358,True,0
160.5,2,1,174,False,0
1633.74,2,1,217,True,0
7.61,1,2,264,True,0
262.97,0,0,97,False,0
1193.55,1,1,117,True,0
1765.97,2,1,199,True,0
1583.16,1,0,320,True,0
380.92,3,1,21,True,0
1868.13,0,0,200,True,0
406.24,5,0,341,True,0
590.45,0,1,248,True,0
2058.54,2,1,276,True,0
1573.16,2,1,264,True,0
2837.93,1,0,58,True,0
1607.72,3,2,302,True,0
1260.07,2,0,31,False,0
147.54,0,0,249,True,0
687.62,2,2,93,True,0
462.24,0,0,265,True,0
419.55,0,2,271,True,0
5418.46,2,0,94,False,1
749.08,1,0,154,True,0
3339.08,3,1,285,True,0
1496.0,2,0,80,True,0
2375.74,3,1,292,True,0
1047.65,0,1,84,True,0
1290.23,2,0,37,True,0
1017.44,0,1,342,True,0
325.82,0,2,327,True,0
1922.64,1,1,232,True,0
494.37,1,1,93,True,0
36.92,1,1,336,True,0
1555.45,1,1,102,False,0
292.4,1,1,166,True,0
4231.62,3,0,159,True,0
4616.34,1,2,14,True,0
3695.26,4,1,225,True,0
693.43,1,1,73,False,0
23.37,2,0,249,True,0
3953.29,1,1,91,True,0
838.41,1,1,216,True,0
5101.26,2,0,90,True,0
4970.6,3,1,29,True,1
2876.08,1,0,305,True,0
523.16,4,2,220,True,0
729.44,1,0,328,True,0
2857.09,1,0,215,True,0
571.72,3,0,221,True,0
278.58,1,0,42,True,0
1220.61,1,1,135,True,0
4126.94,2,0,42,True,0
1786.24,1,0,164,True,0
1266.17,3,1,361,True,0
153.34,2,0,283,True,0
1431.8,1,1,58,False,0
6915.85,4,2,302,False,1
226.38,2,0,322,True,0
1095.74,1,1,25,True,0
3147.91,3,3,73,True,1
2025.05,1,1,129,True,0
1791.11,4,1,87,True,0
1818.43,0,1,330,True,0
668.24,1,0,153,False,0
521.34,0,1,182,True,0
2486.06,1,4,125,True,0
2491.99,0,1,67,True,0
3026.93,0,1,6,True,0
3666.92,3,1,125,True,0
1074.14,1,0,314,True,0
1044.28,1,2,326,True,0
2401.42,1,3,53,True,0
1574.58,2,1,66,True,0
1815.83,0,1,314,True,0
2382.93,2,2,82,True,0
3310.99,1,0,87,True,0
618.72,2,1,2,True,0
706.41,0,1,204,False,0
148.04,0,0,150,True,0
1295.12,1,3,293,False,0
54.91,1,2,103,False,0
939.91,4,2,24,True,0
1173.44,2,0,212,True,0
506.45,0,1,65,False,0
1340.45,2,1,209,True,0
46.46,1,2,251,True,0
57.1,3,0,117,False,0
2594.03,1,0,116,True,0
669.88,0,2,237,True,0
203.83,1,1,105,True,0
1107.98,0,2,259,True,0
2204.47,1,1,46,True,0
364.68,0,0,311,True,0
1462.83,2,0,331,True,0
133.82,2,0,216,True,0
79.6,2,1,301,True,0
1136.86,0,1,333,True,0
1166.87,1,0,24,True,0
1521.81,2,2,35,True,0
1942.44,1,2,24,True,0
5585.34,5,1,28,True,1
1089.44,2,0,16,False,0
585.03,1,1,59,True,0
2378.48,3,2,243,True,0
473.78,3,1,207,True,0
866.98,1,1,271,True,0
122.56,3,3,249,True,1
38.52,0,1,267,True,0
4931.07,1,0,193,True,0
2711.65,0,0,335,True,0
1785.96,0,0,218,True,0
788.79,3,2,115,True,0
285.46,2,0,68,True,0
255.18,0,1,299,False,0
432.01,0,2,325,True,0
1195.19,0,0,75,True,0
1880.77,2,0,103,True,0
1619.09,0,3,297,False,0
492.62,0,1,178,True,0
4647.16,2,1,215,False,0
2008.53,2,0,315,True,0
1212.35,0,1,39,True,0
1419.05,3,0,259,True,0
816.06,0,0,204,True,0
426.99,3,3,7,True,1
660.02,3,1,49,True,0
2127.27,1,1,26,True,0
21.75,2,1,161,False,0
185.07,1,0,357,True,0
70.64,3,0,176,False,0
62.37,0,0,79,True,0
2901.3,0,0,2,True,0
1824.36,2,0,132,False,0
964.18,4,2,276,True,0
154.44,3,4,117,True,1
1014.78,2,0,164,True,0
962.18,3,1,288,True,0
285.29,0,1,28,True,0
853.35,0,0,333,True,0
762.5,2,1,1,True,0
1435.08,3,2,188,False,0
1512.17,2,2,56,True,0
69.54,3,2,35,False,0
704.08,1,0,112,True,0
1474.69,1,0,286,True,0
1049.16,1,1,310,True,0
2912.02,1,1,36,True,0
1612.46,2,0,217,False,0
266.78,3,1,80,True,0
109.77,2,1,314,True,0
1542.59,0,1,83,True,0
40.3,1,0,65,True,0
1322.02,1,0,325,False,0
4225.88,2,1,128,False,0
1285.17,0,0,307,True,0
736.95,3,2,22,True,0
1546.24,3,1,216,True,0
919.43,1,0,107,True,0
1183.22,1,0,109,False,0
4257.19,1,3,357,True,0
731.89,1,1,181,True,0
4873.64,2,1,356,True,0
3536.36,0,0,164,False,0
326.84,2,2,68,True,0
107.83,3,1,292,True,0
159.34,2,0,180,True,0
27.58,0,0,181,True,0
148.81,2,2,169,True,0
1723.31,2,1,22,True,0
110.77,0,1,66,True,0
576.24,1,2,21,True,0
2795.29,0,0,100,True,0
35.32,0,2,300,True,0
2526.8,5,0,103,True,0
496.63,2,0,47,True,0
188.63,2,1,39,True,0
1789.73,2,2,285,True,0
1487.1,1,0,310,False,0
3149.12,0,1,90,True,0
1992.44,0,1,85,True,0
2440.49,2,1,273,True,0
497.0,2,1,336,True,0
293.0,3,0,188,True,0
2083.13,2,4,159,True,0
2466.31,0,1,243,True,0
6985.51,0,1,73,True,0
798.12,2,0,49,True,0
697.87,2,0,101,True,0
2246.93,1,1,2,True,0
625.1,3,1,244,True,0
4005.21,0,0,176,True,0
2932.26,1,1,238,True,0
840.53,2,2,59,False,0
2084.68,1,2,353,True,0
2106.95,2,2,99,True,0
163.26,1,0,359,True,0
3492.67,0,0,2,False,1
1055.56,1,0,243,True,0
2627.0,1,1,297,True,0
578.6,2,0,211,False,0
3388.19,4,3,123,False,1
739.48,1,0,229,True,0
16.35,2,1,82,True,0
3536.86,1,2,144,True,0
143.59,3,1,140,True,0
576.98,1,2,29,True,0
4495.46,0,1,270,True,0
4511.92,1,1,247,True,0
1278.0,3,2,12,True,0
1498.85,2,3,355,True,0
892.52,2,1,337,True,0
520.53,1,1,106,True,0
597.73,0,0,32,True,0
1674.49,4,1,74,False,0
2093.76,2,1,171,True,0
2352.29,2,2,337,True,0
2338.25,0,0,69,False,0
143.46,1,1,301,True,0
1023.07,1,3,362,True,0
88.92,2,2,137,False,0
1196.19,0,2,100,True,0
873.83,3,2,146,True,0
3279.93,3,1,9,True,1
648.29,0,1,62,True,0
186.76,3,0,185,True,0
231.46,0,0,29,False,0
2150.15,2,2,114,True,0
1444.36,2,0,143,True,0
159.91,1,1,120,True,0
131.78,4,1,170,True,0
1810.81,2,0,157,True,0
113.32,2,0,335,True,0
2587.78,2,1,349,True,0
1837.5,1,1,260,True,0
127.27,0,1,82,True,0
132.98,0,1,242,True,0
6473.19,2,1,172,True,0
703.26,2,0,231,True,0
694.58,4,1,208,True,0
2513.36,3,3,75,True,1
4413.25,2,0,270,True,0
6403.16,0,0,114,True,0
2099.85,2,0,62,False,0
708.03,1,1,362,True,0
130.79,1,0,320,True,0
2251.86,4,2,102,True,0
1226.04,2,0,362,True,0
828.05,1,0,210,True,0
3552.36,2,0,255,True,0
176.82,2,0,20,True,0
1017.76,1,1,58,False,0
17.13,1,0,112,False,0
948.53,3,3,313,True,1
86.93,4,1,196,True,0
189.74,1,0,353,True,0
187.54,1,0,92,True,0
1571.35,0,2,52,True,0
2055.9,1,1,293,True,0
1313.33,2,0,8,True,0
4912.08,2,0,300,True,0
704.69,0,0,98,True,0
504.7,0,0,236,True,0
3044.25,1,3,69,True,0
379.62,5,1,45,True,0
4954.31,3,0,137,True,0
18.34,1,0,234,True,0
5253.79,2,2,32,False,1
66.18,1,2,289,True,0
3326.58,1,0,126,True,0
1125.21,2,0,67,True,0
7435.24,3,2,30,True,1
114.99,1,2,114,True,0
1210.66,2,1,204,True,0
5225.36,2,1,29,True,1
1110.67,0,1,131,True,0
1488.94,2,1,185,True,0
1784.85,1,3,253,True,0
909.19,1,0,286,True,0
1481.51,1,1,62,True,0
1316.74,1,1,3,True,0
3471.35,0,1,68,True,0
69.77,5,1,25,True,0
494.76,0,1,179,True,0
4505.99,1,0,141,True,0
3314.51,0,0,231,False,0
912.26,4,4,300,True,1
1451.9,2,0,163,True,0
487.31,0,1,311,True,0
312.61,5,1,130,True,0
934.59,1,1,246,False,0
653.93,2,0,297,True,0
1314.37,3,1,172,True,0
121.38,2,1,64,True,0
5497.44,1,1,31,True,0
6425.8,1,0,47,True,0
1796.8,4,2,130,False,0
1152.12,1,2,352,True,0
555.57,1,2,333,True,0
2521.36,1,0,110,False,0
1731.49,0,0,69,True,0
266.21,2,1,58,True,0
3627.45,1,1,106,True,0
2593.49,1,0,300,True,0
4487.61,0,1,330,True,0
1940.41,1,1,256,True,0
1425.61,0,2,312,True,0
812.55,0,1,171,True,0
4048.53,0,1,162,True,0
3015.59,0,1,286,True,0
69.41,2,1,71,True,0
40.08,1,0,255,True,0
708.52,2,3,55,True,0
2495.47,1,1,323,True,0
6546.41,1,3,3,True,1
244.51,4,0,26,True,0
1352.59,1,0,313,True,0
719.21,1,0,126,True,0
5255.56,3,0,53,True,1
2768.87,3,1,198,True,0
2733.29,1,1,299,True,0
948.62,1,0,188,True,0
803.75,2,0,186,True,0
479.08,1,0,305,False,0
87.04,1,1,298,True,0
3000.64,2,0,204,True,0
2514.18,0,1,11,True,0
12258.67,3,0,359,True,1
8542.31,1,2,354,True,0
1215.98,0,1,146,True,0
2197.92,5,0,85,True,0
4344.26,1,2,100,True,0
2842.16,1,4,104,True,0
426.23,0,0,46,True,0
898.24,1,1,44,True,0
207.44,2,0,278,True,0
4620.34,0,1,181,True,0
1397.77,1,0,187,True,0
389.41,4,0,114,True,0
1670.74,1,2,255,False,0
1444.01,2,0,30,False,0
665.13,4,2,264,True,0
180.81,1,1,98,True,0
1670.16,1,3,313,True,0
1101.92,2,4,329,True,0
2219.71,0,0,115,True,0
1101.46,1,2,276,True,0
2867.66,2,0,281,False,0
1204.13,0,1,275,True,0
1234.67,2,1,261,True,0
3139.14,0,1,331,True,0
774.97,1,1,207,True,0
215.83,2,0,328,True,0
43.81,0,2,211,True,0
2110.59,3,3,215,True,1
1452.6,1,1,40,True,0
1826.5,2,0,26,False,0
359.22,0,0,27,True,0
219.92,0,1,190,True,0
21.98,1,0,83,True,0
647.53,0,0,170,True,0
1337.1,2,2,167,True,0
746.97,1,3,188,False,0
862.98,3,3,169,True,1
3517.59,4,1,289,False,1
642.15,1,1,229,True,0
1082.29,1,0,97,True,0
2296.31,3,2,16,False,1
757.62,1,1,279,True,0
1459.64,1,4,135,True,0
2974.71,0,1,26,True,0
4479.29,1,2,352,True,0
238.62,2,0,12,True,0
3917.49,1,1,72,False,0
1016.25,2,0,133,True,0
448.1,3,1,106,True,0
921.88,2,1,220,False,0
5870.48,1,0,177,True,0
1017.74,2,2,282,True,0
597.92,5,2,133,True,0
1505.23,1,2,22,True,0
411.94,1,1,269,True,0
118.34,2,3,161,False,0
206.96,2,2,107,True,0
205.53,2,1,279,True,0
247.14,1,0,353,True,0
224.19,2,3,235,True,0
1536.13,4,0,18,True,0
301.12,4,1,242,True,0
636.21,0,1,117,True,0
3406.46,4,0,286,True,0
963.57,2,0,282,True,0
1651.93,2,2,144,True,0
283.69,3,0,205,True,0
320.33,0,0,39,True,0
62.59,1,1,154,True,0
277.57,2,2,176,True,0
489.82,1,0,241,True,0
292.22,3,1,134,True,0
139.33,0,0,46,True,0
192.83,3,2,50,True,0
926.44,5,1,166,True,0
346.64,0,0,106,True,0
679.47,1,2,216,True,0
1050.01,1,1,146,True,0
1758.69,0,2,72,False,0
60.16,1,2,330,False,0
2409.74,2,1,273,True,0
1482.89,2,0,247,True,0
127.94,0,0,186,True,0
3102.2,3,1,70,True,0
3805.04,0,0,150,True,0
94.53,1,3,246,True,0
486.27,1,0,262,True,0
2461.4,4,0,26,True,0
2069.04,1,2,140,False,0
305.97,3,0,99,True,0
352.35,1,1,278,True,0
694.18,2,1,51,True,0
993.99,2,1,151,True,0
1444.5,1,0,104,True,0
690.47,4,1,89,True,0
931.34,0,0,141,True,0
2064.34,1,0,213,True,0
56.06,1,0,233,True,0
436.4,0,1,183,False,0
1874.24,1,0,251,True,0
3383.65,2,1,9,True,0
1075.17,1,3,79,True,0
1139.29,1,1,52,True,0
170.04,0,3,269,True,0
889.71,1,0,226,True,0
1140.91,1,3,51,True,0
416.54,1,1,186,True,0
470.51,1,0,34,True,0
710.5,2,1,291,True,0
30.41,3,1,230,False,0
583.09,1,1,131,True,0
356.34,2,0,120,True,0
595.12,2,0,326,True,0
191.34,0,0,247,False,0
3318.12,6,0,192,True,0
1350.6,0,0,323,True,0
1704.95,2,1,210,True,0
2335.06,2,1,103,True,0
1035.05,1,3,329,True,0
136.4,0,0,133,True,0
1155.39,1,1,323,False,0
1325.88,0,0,139,True,0
2052.32,4,0,121,False,1
847.55,3,0,94,True,0
204.73,2,0,129,True,0
500.64,0,1,91,False,0
676.67,2,1,92,True,0
1557.34,2,0,63,True,0
1268.67,0,1,29,True,0
660.31,2,2,210,True,0
6459.29,0,1,12,True,1
1396.25,0,1,333,True,0
406.19,1,1,297,True,0
161.01,1,3,130,True,0
248.83,1,2,293,True,0
423.46,0,0,173,True,0
262.75,0,0,208,True,0
309.74,1,1,24,True,0
503.41,1,1,99,True,0
285.6,1,1,356,True,0
3406.13,3,0,139,True,0
125.45,2,2,314,False,0
1115.12,2,1,174,True,0
792.46,0,1,29,True,0
6057.96,2,1,143,True,0
178.24,1,0,316,True,0
760.89,2,0,351,True,0
5233.59,1,2,42,True,0
3009.37,0,0,299,True,0
2547.99,1,0,208,False,0
447.41,2,2,330,True,0
281.1,4,1,192,True,0
1656.84,1,2,160,True,0
3975.58,1,0,64,False,0
1220.48,2,1,243,True,0
1271.59,0,0,258,True,0
492.71,6,5,152,True,1
2201.21,1,0,215,True,0
310.62,0,0,322,True,0
586.63,0,1,166,True,0
831.22,3,0,31,True,0
1062.73,2,2,232,True,0
416.42,1,0,282,True,0
182.97,2,0,29,True,0
1414.8,3,0,195,True,0
510.85,0,0,334,True,0
1305.68,0,2,256,True,0
251.5,2,0,281,True,0
984.18,2,1,304,True,0
1140.82,2,2,321,True,0
79.82,1,0,323,True,0
615.58,2,1,346,True,0
216.52,0,1,294,True,0
98.21,0,1,87,True,0
6901.8,1,0,149,True,0
583.7,0,1,249,False,0
2490.11,4,1,321,True,0
440.83,1,0,283,False,0
1716.21,5,0,362,True,0
2142.1,2,0,198,True,0
1358.17,2,1,44,True,0
956.78,7,1,356,True,0
796.14,2,0,28,True,0
643.56,2,1,17,True,0
3978.83,2,1,127,True,0
2663.41,0,2,168,True,0
5029.76,0,1,244,True,0
199.09,2,0,76,True,0
1968.83,1,0,231,True,0
4179.19,2,1,204,True,0
299.93,0,1,248,True,0
103.22,1,0,302,True,0
2027.09,2,4,214,True,0
1281.64,1,0,215,False,0
2766.12,2,1,158,True,0
225.84,2,2,69,True,0
2379.08,4,0,85,True,0
337.77,1,2,267,True,0
268.07,1,0,69,True,0
269.17,1,3,99,True,0
2527.65,0,0,347,True,0
1641.32,1,2,216,False,0
1110.56,1,3,161,True,0
666.69,0,2,94,True,0
3145.8,0,0,174,False,0
747.47,0,1,165,True,0
2544.12,3,1,115,True,0
867.41,2,0,220,True,0
709.68,1,1,31,True,0
931.74,4,2,11,True,0
537.97,2,0,343,True,0
2065.17,0,1,130,True,0
1047.9,1,0,105,False,0
396.36,2,3,27,True,0
3447.51,0,2,227,False,0
726.5,0,1,2,False,0
1176.42,2,1,359,True,0
3554.24,3,0,101,True,0
1468.2,2,0,21,True,0
186.47,2,0,58,True,0
4215.93,1,1,180,True,0
1482.12,0,2,341,False,0
611.74,1,0,349,True,0
224.97,1,2,20,True,0
2370.0,0,3,255,True,0
1451.66,1,1,317,True,0
1143.62,1,1,38,True,0
3364.95,1,0,148,True,0
2330.99,2,2,25,True,0
246.74,3,2,121,True,0
560.34,1,1,26,True,0
428.5,2,2,169,True,0
2043.55,4,1,323,True,0
51.16,2,2,225,True,0
1265.57,0,0,1,True,0
2156.12,2,0,307,True,0
3140.5,3,0,261,True,0
628.01,1,0,13,False,0
2582.71,1,2,48,True,0
175.87,1,2,313,True,0
2810.62,2,2,291,False,0
204.57,4,0,332,True,0
759.47,4,1,94,True,0
2394.01,1,0,261,False,0
243.63,1,1,278,True,0
390.59,6,1,359,True,0
1921.56,1,1,205,False,0
1909.64,2,4,185,True,0
1537.27,0,0,175,True,0
1776.0,1,2,309,True,0
1173.7,3,1,69,True,0
435.13,4,0,104,True,0
636.27,3,1,246,True,0
300.6,2,1,161,False,0
3586.31,0,0,200,False,0
1313.41,1,1,216,False,0
768.37,1,1,212,True,0
929.86,3,1,16,True,0
4414.24,4,3,332,False,1
249.7,1,1,205,False,0
1323.67,1,1,39,True,0
1057.49,1,1,89,True,0
1418.02,1,2,256,True,0
27.41,2,0,254,True,0
3085.04,2,2,216,True,0
4034.98,2,0,303,True,0
1249.07,3,1,172,True,0
1789.31,1,0,137,True,0
3836.2,2,0,178,True,0
1842.6,1,1,77,True,0
248.27,2,0,188,True,0
1288.05,1,2,15,True,0
1399.83,1,1,292,True,0
827.81,2,0,319,True,0
2000.24,1,0,325,True,0
4085.52,1,1,214,True,0
3896.81,0,0,208,True,0
899.05,1,2,169,False,0
180.27,1,1,330,True,0
6283.76,2,1,280,True,0
2738.58,0,1,305,True,0
199.72,2,0,146,False,0
3804.46,3,0,263,True,0
3059.14,0,0,4,True,0
1097.33,2,0,90,True,0
1342.07,2,5,60,True,0
763.75,1,0,311,False,0
84.48,2,1,16,True,0
612.4,0,1,227,True,0
2435.71,3,0,29,True,0
6.96,3,0,151,True,0
608.57,0,1,245,True,0
761.67,1,2,270,True,0
1156.32,2,1,79,True,0
3785.89,1,0,289,True,0
637.77,2,2,153,True,0
639.16,0,0,277,True,0
2006.26,1,0,279,True,0
902.82,3,1,57,True,0
381.57,2,1,186,True,0
903.42,3,2,93,True,0
227.73,1,0,276,True,0
291.08,0,2,158,True,0
1034.83,2,3,275,True,0
814.31,1,0,181,True,0
3694.94,1,0,359,True,0
675.05,0,0,77,True,0
1303.35,2,3,151,True,0
1500.59,1,0,238,False,0
19.77,6,1,289,True,0
1633.9,3,0,231,False,0
294.09,0,1,18,True,0
4869.0,2,0,73,True,0
241.42,1,1,189,True,0
803.25,2,1,17,False,0
133.82,3,0,19,True,0
8652.12,2,0,219,True,0
1046.32,2,1,326,True,0
1357.23,2,1,120,True,0
104.15,0,0,101,True,0
2079.2,1,1,34,True,0
353.4,0,1,84,True,0
3424.97,2,2,196,True,0
344.38,2,1,330,True,0
317.36,1,4,202,True,0
55.85,0,1,344,True,0
958.18,0,0,341,False,0
1248.07,0,3,11,False,0
101.95,4,2,347,False,0
2241.0,1,1,218,True,0
905.75,1,0,253,False,0
1114.74,1,4,222,True,0
871.77,3,1,80,True,0
768.15,3,1,7,True,0
1230.25,3,1,272,True,0
253.05,1,0,227,False,0
301.21,1,1,16,True,0
2968.42,5,1,12,True,0
4381.37,1,1,291,True,0
700.95,1,0,241,True,0
473.6,1,0,21,True,0
1549.23,0,1,178,True,0
788.23,0,0,228,True,0
38.57,0,1,273,True,0
254.68,3,2,288,True,0
1888.02,0,2,297,True,0
1613.47,0,1,134,True,0
41.2,0,1,283,False,0
376.49,1,2,153,True,0
394.14,1,1,66,True,0
1671.62,0,1,137,True,0
29.86,2,3,92,True,0
164.9,0,2,317,True,0
2413.53,1,2,259,True,0
295.02,0,0,103,True,0
1586.55,3,2,55,True,0
408.07,2,1,257,True,0
157.11,1,1,101,True,0
417.93,1,2,198,True,0
1921.64,3,2,301,True,0
2903.75,1,2,226,False,0
2659.88,1,0,237,True,0
759.21,1,0,26,True,0
1654.32,2,0,121,True,0
344.09,1,2,182,False,0
520.4,0,0,199,True,0
3399.9,1,0,302,True,0
19.63,2,1,255,True,0
134.08,1,2,122,False,0
349.58,0,2,31,False,0
40.34,5,1,315,True,0
300.3,2,0,285,True,0
1312.15,0,1,106,True,0
820.78,3,0,224,True,0
3347.79,3,0,273,True,0
2551.04,0,0,232,True,0
627.41,2,1,256,True,0
450.49,1,1,24,True,0
716.31,1,1,109,True,0
1338.48,2,1,191,True,0
468.09,2,2,347,True,0
1467.84,0,1,25,False,0
789.95,1,1,187,True,0
1204.6,0,1,288,True,0
859.39,1,3,116,True,0
523.2,3,1,338,True,0
4447.9,0,1,37,True,0
2163.38,2,1,282,True,0
226.43,3,0,137,True,0
3042.76,4,2,227,True,0
1002.48,1,1,320,True,0
3374.31,3,0,328,False,1
2413.07,0,1,182,True,0
830.63,5,0,362,False,0
34.09,3,0,86,False,0
469.35,2,0,53,True,0
1170.13,0,0,348,True,0
1505.55,1,2,355,True,0
447.38,0,2,235,True,0
225.11,2,2,267,True,0
2702.08,0,0,287,False,0
6240.94,0,2,100,True,0
1118.84,2,0,87,True,0
282.53,2,1,15,True,0
476.81,1,2,101,True,0
27.84,2,1,165,True,0
3685.33,1,1,29,True,0
187.92,1,3,114,True,0
1288.86,1,0,107,True,0
480.42,4,2,364,True,0
1211.75,0,2,130,True,0
1580.83,2,1,84,True,0
2655.66,0,1,271,True,0
346.8,1,1,244,True,0
16.59,1,2,214,True,0
220.81,1,0,306,True,0
3454.16,1,1,166,True,0
3105.9,5,0,279,True,0
1364.77,1,1,59,True,0
1376.38,1,0,90,True,0
1640.6,0,1,331,True,0
289.23,3,2,194,True,0
3687.31,2,1,123,False,0
813.91,0,2,136,True,0
724.67,1,1,139,True,0
1097.58,0,0,229,True,0
72.16,2,1,274,True,0
272.79,1,1,50,False,0
2009.31,1,2,118,True,0
129.64,3,0,202,False,0
1386.3,3,3,191,True,1
422.25,4,1,364,True,0
739.71,2,0,323,True,0
510.98,1,1,181,True,0
659.32,3,0,78,True,0
1904.35,0,1,75,True,0
528.86,5,0,295,True,0
1253.47,0,1,281,True,0
969.54,2,0,21,False,0
1634.5,2,0,171,True,0
4142.88,3,2,15,True,1
1978.36,1,2,211,True,0
362.99,2,2,48,True,0
47.52,2,0,86,True,0
456.25,1,1,149,True,0
1356.09,0,2,188,True,0
79.19,5,1,306,True,0
1028.86,2,2,151,True,0
1362.64,0,0,141,True,0
610.25,1,1,69,True,0
2210.47,3,0,260,True,0
169.08,0,0,334,True,0
117.17,0,1,9,True,0
1953.97,1,0,121,False,0
1026.26,4,0,101,True,0
1749.06,2,0,149,True,0
855.94,1,0,146,True,0
424.34,2,1,353,True,0
2564.74,4,0,243,True,0
2409.78,0,0,241,True,0
1779.67,1,2,337,True,0
476.48,4,1,43,False,0
1338.24,1,0,95,True,0
671.71,0,0,226,True,0
144.08,1,0,6,True,0
3739.05,1,2,214,True,0
220.7,0,1,206,True,0
4500.74,0,1,67,False,0
885.9,4,0,100,True,0
