created_at,ticker,category,risk_level,volatility_30d,mdd_1y,avg_daily_volume,tags,description
2026-01-15,SPY,Broad Market (US),2,0.1324,-0.2387,70552172,"['Stable', 'Core', 'Large Cap', 'US Economy']",SPY is a Broad Market (US) fund. Recent volatility is 13.2%. Suited for 2/5 risk profile.
2026-01-15,IVV,Broad Market (US),2,0.1095,-0.2212,78363150,"['Stable', 'Core', 'Large Cap', 'US Economy']",IVV is a Broad Market (US) fund. Recent volatility is 11.0%. Suited for 2/5 risk profile.
2026-01-15,VOO,Broad Market (US),2,0.1391,-0.2174,67532358,"['Stable', 'Core', 'Large Cap', 'US Economy']",VOO is a Broad Market (US) fund. Recent volatility is 13.9%. Suited for 2/5 risk profile.
2026-01-15,VTI,Broad Market (US),2,0.1399,-0.155,73932332,"['Stable', 'Core', 'Large Cap', 'US Economy']",VTI is a Broad Market (US) fund. Recent volatility is 14.0%. Suited for 2/5 risk profile.
2026-01-15,QQQ,Broad Market (US),2,0.1129,-0.1761,63374830,"['Stable', 'Core', 'Large Cap', 'US Economy']",QQQ is a Broad Market (US) fund. Recent volatility is 11.3%. Suited for 2/5 risk profile.
2026-01-15,DIA,Broad Market (US),2,0.1772,-0.1566,16657450,"['Stable', 'Core', 'Large Cap', 'US Economy']",DIA is a Broad Market (US) fund. Recent volatility is 17.7%. Suited for 2/5 risk profile.
2026-01-15,IWM,Broad Market (US),2,0.1577,-0.1991,9435101,"['Stable', 'Core', 'Large Cap', 'US Economy']",IWM is a Broad Market (US) fund. Recent volatility is 15.8%. Suited for 2/5 risk profile.
2026-01-15,RSP,Broad Market (US),2,0.1175,-0.1704,49672017,"['Stable', 'Core', 'Large Cap', 'US Economy']",RSP is a Broad Market (US) fund. Recent volatility is 11.8%. Suited for 2/5 risk profile.
2026-01-15,VUG,Broad Market (US),2,0.1147,-0.1614,53385467,"['Stable', 'Core', 'Large Cap', 'US Economy']",VUG is a Broad Market (US) fund. Recent volatility is 11.5%. Suited for 2/5 risk profile.
2026-01-15,VTV,Broad Market (US),2,0.1337,-0.2022,41608714,"['Stable', 'Core', 'Large Cap', 'US Economy']",VTV is a Broad Market (US) fund. Recent volatility is 13.4%. Suited for 2/5 risk profile.
2026-01-15,QUAL,Broad Market (US),2,0.1505,-0.168,45044401,"['Stable', 'Core', 'Large Cap', 'US Economy']",QUAL is a Broad Market (US) fund. Recent volatility is 15.0%. Suited for 2/5 risk profile.
2026-01-15,MTUM,Broad Market (US),2,0.164,-0.131,46536540,"['Stable', 'Core', 'Large Cap', 'US Economy']",MTUM is a Broad Market (US) fund. Recent volatility is 16.4%. Suited for 2/5 risk profile.
2026-01-15,VLUE,Broad Market (US),2,0.1344,-0.1872,32375470,"['Stable', 'Core', 'Large Cap', 'US Economy']",VLUE is a Broad Market (US) fund. Recent volatility is 13.4%. Suited for 2/5 risk profile.
2026-01-15,IJR,Broad Market (US),2,0.1281,-0.2098,63530986,"['Stable', 'Core', 'Large Cap', 'US Economy']",IJR is a Broad Market (US) fund. Recent volatility is 12.8%. Suited for 2/5 risk profile.
2026-01-15,IJH,Broad Market (US),2,0.1284,-0.2436,68125340,"['Stable', 'Core', 'Large Cap', 'US Economy']",IJH is a Broad Market (US) fund. Recent volatility is 12.8%. Suited for 2/5 risk profile.
2026-01-15,XLK,Sector (US),3,0.189,-0.2155,5782859,"['Sector Play', 'Cyclical', 'Equity', 'Tech', 'AI', 'Growth']",XLK is a Sector (US) fund. Recent volatility is 18.9%. Suited for 3/5 risk profile.
2026-01-15,XLF,Sector (US),3,0.21,-0.2943,3075363,"['Sector Play', 'Cyclical', 'Equity']",XLF is a Sector (US) fund. Recent volatility is 21.0%. Suited for 3/5 risk profile.
2026-01-15,XLE,Sector (US),3,0.2404,-0.3956,9321898,"['Sector Play', 'Cyclical', 'Equity', 'Energy', 'Commodity Sensitive']",XLE is a Sector (US) fund. Recent volatility is 24.0%. Suited for 3/5 risk profile.
2026-01-15,XLV,Sector (US),3,0.2515,-0.229,8173583,"['Sector Play', 'Cyclical', 'Equity']",XLV is a Sector (US) fund. Recent volatility is 25.1%. Suited for 3/5 risk profile.
2026-01-15,XLY,Sector (US),3,0.2495,-0.3947,4374028,"['Sector Play', 'Cyclical', 'Equity']",XLY is a Sector (US) fund. Recent volatility is 24.9%. Suited for 3/5 risk profile.
2026-01-15,XLP,Sector (US),3,0.1908,-0.2911,9866004,"['Sector Play', 'Cyclical', 'Equity']",XLP is a Sector (US) fund. Recent volatility is 19.1%. Suited for 3/5 risk profile.
2026-01-15,XLI,Sector (US),3,0.2472,-0.2204,874738,"['Sector Play', 'Cyclical', 'Equity']",XLI is a Sector (US) fund. Recent volatility is 24.7%. Suited for 3/5 risk profile.
2026-01-15,XLB,Sector (US),3,0.2104,-0.3599,1084961,"['Sector Play', 'Cyclical', 'Equity']",XLB is a Sector (US) fund. Recent volatility is 21.0%. Suited for 3/5 risk profile.
2026-01-15,XLU,Sector (US),3,0.2174,-0.2662,2657517,"['Sector Play', 'Cyclical', 'Equity']",XLU is a Sector (US) fund. Recent volatility is 21.7%. Suited for 3/5 risk profile.
2026-01-15,XLC,Sector (US),3,0.2444,-0.3997,1103548,"['Sector Play', 'Cyclical', 'Equity']",XLC is a Sector (US) fund. Recent volatility is 24.4%. Suited for 3/5 risk profile.
2026-01-15,SMH,Sector (US),3,0.1927,-0.3981,6409985,"['Sector Play', 'Cyclical', 'Equity', 'Tech', 'AI', 'Growth']",SMH is a Sector (US) fund. Recent volatility is 19.3%. Suited for 3/5 risk profile.
2026-01-15,SOXX,Sector (US),3,0.2432,-0.2931,4005325,"['Sector Play', 'Cyclical', 'Equity', 'Tech', 'AI', 'Growth']",SOXX is a Sector (US) fund. Recent volatility is 24.3%. Suited for 3/5 risk profile.
2026-01-15,IGV,Sector (US),3,0.1945,-0.3211,7570111,"['Sector Play', 'Cyclical', 'Equity']",IGV is a Sector (US) fund. Recent volatility is 19.5%. Suited for 3/5 risk profile.
2026-01-15,CIBR,Sector (US),3,0.2247,-0.3487,5917600,"['Sector Play', 'Cyclical', 'Equity']",CIBR is a Sector (US) fund. Recent volatility is 22.5%. Suited for 3/5 risk profile.
2026-01-15,TAN,Sector (US),3,0.2057,-0.253,5155094,"['Sector Play', 'Cyclical', 'Equity', 'Energy', 'Commodity Sensitive']",TAN is a Sector (US) fund. Recent volatility is 20.6%. Suited for 3/5 risk profile.
2026-01-15,ICLN,Sector (US),3,0.2301,-0.2417,632611,"['Sector Play', 'Cyclical', 'Equity']",ICLN is a Sector (US) fund. Recent volatility is 23.0%. Suited for 3/5 risk profile.
2026-01-15,XBI,Sector (US),3,0.212,-0.2173,6722319,"['Sector Play', 'Cyclical', 'Equity']",XBI is a Sector (US) fund. Recent volatility is 21.2%. Suited for 3/5 risk profile.
2026-01-15,KRE,Sector (US),3,0.2167,-0.3115,9683296,"['Sector Play', 'Cyclical', 'Equity']",KRE is a Sector (US) fund. Recent volatility is 21.7%. Suited for 3/5 risk profile.
2026-01-15,ITA,Sector (US),3,0.2026,-0.2442,2183639,"['Sector Play', 'Cyclical', 'Equity']",ITA is a Sector (US) fund. Recent volatility is 20.3%. Suited for 3/5 risk profile.
2026-01-15,VNQ,Sector (US),3,0.2728,-0.2341,2674872,"['Sector Play', 'Cyclical', 'Equity']",VNQ is a Sector (US) fund. Recent volatility is 27.3%. Suited for 3/5 risk profile.
2026-01-15,SCHD,Dividend & Income,2,0.1298,-0.1165,13784659,"['Income', 'Dividend', 'Low Volatility', 'Value']",SCHD is a Dividend & Income fund. Recent volatility is 13.0%. Suited for 2/5 risk profile.
2026-01-15,VYM,Dividend & Income,2,0.0854,-0.189,12263741,"['Income', 'Dividend', 'Low Volatility', 'Value']",VYM is a Dividend & Income fund. Recent volatility is 8.5%. Suited for 2/5 risk profile.
2026-01-15,VIG,Dividend & Income,2,0.088,-0.1531,13578568,"['Income', 'Dividend', 'Low Volatility', 'Value']",VIG is a Dividend & Income fund. Recent volatility is 8.8%. Suited for 2/5 risk profile.
2026-01-15,NOBL,Dividend & Income,2,0.0913,-0.1682,1321135,"['Income', 'Dividend', 'Low Volatility', 'Value']",NOBL is a Dividend & Income fund. Recent volatility is 9.1%. Suited for 2/5 risk profile.
2026-01-15,SDY,Dividend & Income,2,0.1368,-0.1873,6282099,"['Income', 'Dividend', 'Low Volatility', 'Value']",SDY is a Dividend & Income fund. Recent volatility is 13.7%. Suited for 2/5 risk profile.
2026-01-15,DVY,Dividend & Income,2,0.0992,-0.1326,1739673,"['Income', 'Dividend', 'Low Volatility', 'Value']",DVY is a Dividend & Income fund. Recent volatility is 9.9%. Suited for 2/5 risk profile.
2026-01-15,HDV,Dividend & Income,2,0.132,-0.1403,12438618,"['Income', 'Dividend', 'Low Volatility', 'Value']",HDV is a Dividend & Income fund. Recent volatility is 13.2%. Suited for 2/5 risk profile.
2026-01-15,DGRO,Dividend & Income,2,0.1143,-0.1517,9823965,"['Income', 'Dividend', 'Low Volatility', 'Value']",DGRO is a Dividend & Income fund. Recent volatility is 11.4%. Suited for 2/5 risk profile.
2026-01-15,JEPI,Dividend & Income,2,0.1226,-0.1076,2337356,"['Income', 'Dividend', 'Low Volatility', 'Value']",JEPI is a Dividend & Income fund. Recent volatility is 12.3%. Suited for 2/5 risk profile.
2026-01-15,JEPQ,Dividend & Income,2,0.1087,-0.1972,12451191,"['Income', 'Dividend', 'Low Volatility', 'Value']",JEPQ is a Dividend & Income fund. Recent volatility is 10.9%. Suited for 2/5 risk profile.
2026-01-15,O,Dividend & Income,2,0.0865,-0.1761,4430191,"['Income', 'Dividend', 'Low Volatility', 'Value']",O is a Dividend & Income fund. Recent volatility is 8.6%. Suited for 2/5 risk profile.
2026-01-15,MAIN,Dividend & Income,2,0.1014,-0.1071,7367348,"['Income', 'Dividend', 'Low Volatility', 'Value']",MAIN is a Dividend & Income fund. Recent volatility is 10.1%. Suited for 2/5 risk profile.
2026-01-15,SPYD,Dividend & Income,2,0.1089,-0.1149,1055941,"['Income', 'Dividend', 'Low Volatility', 'Value']",SPYD is a Dividend & Income fund. Recent volatility is 10.9%. Suited for 2/5 risk profile.
2026-01-15,TLT,Bonds (Fixed Income),1,0.1063,-0.247,16090225,"['Safe Haven', 'Yield', 'Interest Rate Sensitive', 'Long Duration']",TLT is a Bonds (Fixed Income) fund. Recent volatility is 10.6%. Suited for 1/5 risk profile.
2026-01-15,IEF,Bonds (Fixed Income),1,0.0853,-0.2044,9762100,"['Safe Haven', 'Yield', 'Interest Rate Sensitive']",IEF is a Bonds (Fixed Income) fund. Recent volatility is 8.5%. Suited for 1/5 risk profile.
2026-01-15,SHY,Bonds (Fixed Income),1,0.097,-0.1539,5980733,"['Safe Haven', 'Yield', 'Interest Rate Sensitive']",SHY is a Bonds (Fixed Income) fund. Recent volatility is 9.7%. Suited for 1/5 risk profile.
2026-01-15,BND,Bonds (Fixed Income),1,0.0586,-0.1209,5626999,"['Safe Haven', 'Yield', 'Interest Rate Sensitive']",BND is a Bonds (Fixed Income) fund. Recent volatility is 5.9%. Suited for 1/5 risk profile.
2026-01-15,AGG,Bonds (Fixed Income),1,0.0701,-0.2301,14461723,"['Safe Haven', 'Yield', 'Interest Rate Sensitive']",AGG is a Bonds (Fixed Income) fund. Recent volatility is 7.0%. Suited for 1/5 risk profile.
2026-01-15,LQD,Bonds (Fixed Income),1,0.1084,-0.1154,12042903,"['Safe Haven', 'Yield', 'Interest Rate Sensitive']",LQD is a Bonds (Fixed Income) fund. Recent volatility is 10.8%. Suited for 1/5 risk profile.
2026-01-15,HYG,Bonds (Fixed Income),1,0.0824,-0.1303,3969568,"['Safe Haven', 'Yield', 'Interest Rate Sensitive']",HYG is a Bonds (Fixed Income) fund. Recent volatility is 8.2%. Suited for 1/5 risk profile.
2026-01-15,TIP,Bonds (Fixed Income),1,0.0497,-0.069,16185535,"['Safe Haven', 'Yield', 'Interest Rate Sensitive']",TIP is a Bonds (Fixed Income) fund. Recent volatility is 5.0%. Suited for 1/5 risk profile.
2026-01-15,MUB,Bonds (Fixed Income),1,0.101,-0.0937,2848583,"['Safe Haven', 'Yield', 'Interest Rate Sensitive']",MUB is a Bonds (Fixed Income) fund. Recent volatility is 10.1%. Suited for 1/5 risk profile.
2026-01-15,BNDX,Bonds (Fixed Income),1,0.1081,-0.1106,10378151,"['Safe Haven', 'Yield', 'Interest Rate Sensitive']",BNDX is a Bonds (Fixed Income) fund. Recent volatility is 10.8%. Suited for 1/5 risk profile.
2026-01-15,GOVT,Bonds (Fixed Income),1,0.0641,-0.1701,2352743,"['Safe Haven', 'Yield', 'Interest Rate Sensitive']",GOVT is a Bonds (Fixed Income) fund. Recent volatility is 6.4%. Suited for 1/5 risk profile.
2026-01-15,SHV,Bonds (Fixed Income),1,0.0819,-0.1501,9768113,"['Safe Haven', 'Yield', 'Interest Rate Sensitive']",SHV is a Bonds (Fixed Income) fund. Recent volatility is 8.2%. Suited for 1/5 risk profile.
2026-01-15,BIL,Bonds (Fixed Income),1,0.0761,-0.2488,12511286,"['Safe Haven', 'Yield', 'Interest Rate Sensitive']",BIL is a Bonds (Fixed Income) fund. Recent volatility is 7.6%. Suited for 1/5 risk profile.
2026-01-15,JNK,Bonds (Fixed Income),1,0.0424,-0.2492,8654766,"['Safe Haven', 'Yield', 'Interest Rate Sensitive']",JNK is a Bonds (Fixed Income) fund. Recent volatility is 4.2%. Suited for 1/5 risk profile.
2026-01-15,EMB,Bonds (Fixed Income),1,0.0495,-0.1824,2727113,"['Safe Haven', 'Yield', 'Interest Rate Sensitive']",EMB is a Bonds (Fixed Income) fund. Recent volatility is 5.0%. Suited for 1/5 risk profile.
2026-01-15,EFA,International,3,0.1725,-0.3453,8543542,"['Global', 'Diversification', 'Developed Markets']",EFA is a International fund. Recent volatility is 17.2%. Suited for 3/5 risk profile.
2026-01-15,VEA,International,3,0.2207,-0.3266,3380589,"['Global', 'Diversification', 'Developed Markets']",VEA is a International fund. Recent volatility is 22.1%. Suited for 3/5 risk profile.
2026-01-15,VWO,International,3,0.217,-0.2668,18362037,"['Global', 'Diversification', 'Emerging Markets']",VWO is a International fund. Recent volatility is 21.7%. Suited for 3/5 risk profile.
2026-01-15,EEM,International,3,0.2316,-0.3155,7994212,"['Global', 'Diversification', 'Emerging Markets']",EEM is a International fund. Recent volatility is 23.2%. Suited for 3/5 risk profile.
2026-01-15,IEMG,International,3,0.1523,-0.2835,3921035,"['Global', 'Diversification', 'Developed Markets']",IEMG is a International fund. Recent volatility is 15.2%. Suited for 3/5 risk profile.
2026-01-15,VXUS,International,3,0.2022,-0.3273,1724208,"['Global', 'Diversification', 'Developed Markets']",VXUS is a International fund. Recent volatility is 20.2%. Suited for 3/5 risk profile.
2026-01-15,EWJ,International,3,0.1667,-0.2098,4777326,"['Global', 'Diversification', 'Developed Markets']",EWJ is a International fund. Recent volatility is 16.7%. Suited for 3/5 risk profile.
2026-01-15,MCHI,International,3,0.2298,-0.3307,9179446,"['Global', 'Diversification', 'Developed Markets']",MCHI is a International fund. Recent volatility is 23.0%. Suited for 3/5 risk profile.
2026-01-15,INDA,International,3,0.1639,-0.2892,5485385,"['Global', 'Diversification', 'Developed Markets']",INDA is a International fund. Recent volatility is 16.4%. Suited for 3/5 risk profile.
2026-01-15,EWZ,International,3,0.228,-0.2878,17879722,"['Global', 'Diversification', 'Developed Markets']",EWZ is a International fund. Recent volatility is 22.8%. Suited for 3/5 risk profile.
2026-01-15,EWY,International,3,0.1616,-0.3332,15212792,"['Global', 'Diversification', 'Developed Markets']",EWY is a International fund. Recent volatility is 16.2%. Suited for 3/5 risk profile.
2026-01-15,VGK,International,3,0.1629,-0.2489,8052356,"['Global', 'Diversification', 'Developed Markets']",VGK is a International fund. Recent volatility is 16.3%. Suited for 3/5 risk profile.
2026-01-15,GLD,Commodity & Alt,4,0.3254,-0.2241,926186,"['Commodity', 'Inflation Hedge', 'Alternative']",GLD is a Commodity & Alt fund. Recent volatility is 32.5%. Suited for 4/5 risk profile.
2026-01-15,SLV,Commodity & Alt,4,0.2954,-0.2082,637652,"['Commodity', 'Inflation Hedge', 'Alternative']",SLV is a Commodity & Alt fund. Recent volatility is 29.5%. Suited for 4/5 risk profile.
2026-01-15,IAU,Commodity & Alt,4,0.2188,-0.2396,2552438,"['Commodity', 'Inflation Hedge', 'Alternative']",IAU is a Commodity & Alt fund. Recent volatility is 21.9%. Suited for 4/5 risk profile.
2026-01-15,DBC,Commodity & Alt,4,0.2353,-0.349,1225781,"['Commodity', 'Inflation Hedge', 'Alternative']",DBC is a Commodity & Alt fund. Recent volatility is 23.5%. Suited for 4/5 risk profile.
2026-01-15,USO,Commodity & Alt,4,0.2839,-0.3132,3588302,"['Commodity', 'Inflation Hedge', 'Alternative']",USO is a Commodity & Alt fund. Recent volatility is 28.4%. Suited for 4/5 risk profile.
2026-01-15,UNG,Commodity & Alt,4,0.1917,-0.2616,9024682,"['Commodity', 'Inflation Hedge', 'Alternative']",UNG is a Commodity & Alt fund. Recent volatility is 19.2%. Suited for 4/5 risk profile.
2026-01-15,PDBC,Commodity & Alt,4,0.2627,-0.3799,9521720,"['Commodity', 'Inflation Hedge', 'Alternative']",PDBC is a Commodity & Alt fund. Recent volatility is 26.3%. Suited for 4/5 risk profile.
2026-01-15,GDX,Commodity & Alt,4,0.1754,-0.2274,789040,"['Commodity', 'Inflation Hedge', 'Alternative']",GDX is a Commodity & Alt fund. Recent volatility is 17.5%. Suited for 4/5 risk profile.
2026-01-15,COWZ,Commodity & Alt,4,0.165,-0.3756,8252116,"['Commodity', 'Inflation Hedge', 'Alternative']",COWZ is a Commodity & Alt fund. Recent volatility is 16.5%. Suited for 4/5 risk profile.
2026-01-15,MOAT,Commodity & Alt,4,0.1772,-0.3501,5450016,"['Commodity', 'Inflation Hedge', 'Alternative']",MOAT is a Commodity & Alt fund. Recent volatility is 17.7%. Suited for 4/5 risk profile.
2026-01-15,IBIT,Crypto (Spot),5,0.7076,-0.5522,17937712,"['Crypto', 'Digital Asset', 'High Risk', 'Blockchain']",IBIT is a Crypto (Spot) fund. Recent volatility is 70.8%. Suited for 5/5 risk profile.
2026-01-15,FBTC,Crypto (Spot),5,0.8935,-0.608,6489003,"['Crypto', 'Digital Asset', 'High Risk', 'Blockchain']",FBTC is a Crypto (Spot) fund. Recent volatility is 89.4%. Suited for 5/5 risk profile.
2026-01-15,ETHE,Crypto (Spot),5,0.7559,-0.773,11174683,"['Crypto', 'Digital Asset', 'High Risk', 'Blockchain']",ETHE is a Crypto (Spot) fund. Recent volatility is 75.6%. Suited for 5/5 risk profile.
2026-01-15,ARKB,Crypto (Spot),5,0.8409,-0.4244,5997200,"['Crypto', 'Digital Asset', 'High Risk', 'Blockchain']",ARKB is a Crypto (Spot) fund. Recent volatility is 84.1%. Suited for 5/5 risk profile.
2026-01-15,BITB,Crypto (Spot),5,0.51,-0.7934,9115584,"['Crypto', 'Digital Asset', 'High Risk', 'Blockchain']",BITB is a Crypto (Spot) fund. Recent volatility is 51.0%. Suited for 5/5 risk profile.
2026-01-15,TQQQ,Leveraged & Inverse (High Risk),5,1.174,-0.8193,35013474,"['Leveraged', 'Speculative', 'Day Trading Only', 'Derivatives']",TQQQ is a Leveraged & Inverse (High Risk) fund. Recent volatility is 117.4%. Suited for 5/5 risk profile.
2026-01-15,SQQQ,Leveraged & Inverse (High Risk),5,1.0088,-0.7408,21092280,"['Leveraged', 'Speculative', 'Day Trading Only', 'Derivatives']",SQQQ is a Leveraged & Inverse (High Risk) fund. Recent volatility is 100.9%. Suited for 5/5 risk profile.
2026-01-15,SOXL,Leveraged & Inverse (High Risk),5,0.9966,-0.7908,28034585,"['Leveraged', 'Speculative', 'Day Trading Only', 'Derivatives']",SOXL is a Leveraged & Inverse (High Risk) fund. Recent volatility is 99.7%. Suited for 5/5 risk profile.
2026-01-15,SOXS,Leveraged & Inverse (High Risk),5,0.7362,-0.5253,48471471,"['Leveraged', 'Speculative', 'Day Trading Only', 'Derivatives']",SOXS is a Leveraged & Inverse (High Risk) fund. Recent volatility is 73.6%. Suited for 5/5 risk profile.
2026-01-15,UPRO,Leveraged & Inverse (High Risk),5,0.8778,-0.898,8731952,"['Leveraged', 'Speculative', 'Day Trading Only', 'Derivatives']",UPRO is a Leveraged & Inverse (High Risk) fund. Recent volatility is 87.8%. Suited for 5/5 risk profile.
2026-01-15,SPXU,Leveraged & Inverse (High Risk),5,0.6234,-0.5633,17402593,"['Leveraged', 'Speculative', 'Day Trading Only', 'Derivatives']",SPXU is a Leveraged & Inverse (High Risk) fund. Recent volatility is 62.3%. Suited for 5/5 risk profile.
2026-01-15,TMF,Leveraged & Inverse (High Risk),5,1.176,-0.7357,42047798,"['Leveraged', 'Speculative', 'Day Trading Only', 'Derivatives']",TMF is a Leveraged & Inverse (High Risk) fund. Recent volatility is 117.6%. Suited for 5/5 risk profile.
2026-01-15,LABU,Leveraged & Inverse (High Risk),5,1.1691,-0.74,42315796,"['Leveraged', 'Speculative', 'Day Trading Only', 'Derivatives']",LABU is a Leveraged & Inverse (High Risk) fund. Recent volatility is 116.9%. Suited for 5/5 risk profile.
2026-01-15,YINN,Leveraged & Inverse (High Risk),5,0.7053,-0.5674,16428669,"['Leveraged', 'Speculative', 'Day Trading Only', 'Derivatives']",YINN is a Leveraged & Inverse (High Risk) fund. Recent volatility is 70.5%. Suited for 5/5 risk profile.
2026-01-15,YANG,Leveraged & Inverse (High Risk),5,1.0282,-0.509,25405176,"['Leveraged', 'Speculative', 'Day Trading Only', 'Derivatives']",YANG is a Leveraged & Inverse (High Risk) fund. Recent volatility is 102.8%. Suited for 5/5 risk profile.
2026-01-15,UVXY,Leveraged & Inverse (High Risk),5,0.8138,-0.5283,23963085,"['Leveraged', 'Speculative', 'Day Trading Only', 'Derivatives']",UVXY is a Leveraged & Inverse (High Risk) fund. Recent volatility is 81.4%. Suited for 5/5 risk profile.
2026-01-15,BOIL,Leveraged & Inverse (High Risk),5,1.12,-0.697,35006425,"['Leveraged', 'Speculative', 'Day Trading Only', 'Derivatives']",BOIL is a Leveraged & Inverse (High Risk) fund. Recent volatility is 112.0%. Suited for 5/5 risk profile.
2026-01-15,KOLD,Leveraged & Inverse (High Risk),5,0.999,-0.7225,32182413,"['Leveraged', 'Speculative', 'Day Trading Only', 'Derivatives']",KOLD is a Leveraged & Inverse (High Risk) fund. Recent volatility is 99.9%. Suited for 5/5 risk profile.
2026-01-15,NVDL,Leveraged & Inverse (High Risk),5,1.1538,-0.5516,24854716,"['Leveraged', 'Speculative', 'Day Trading Only', 'Derivatives']",NVDL is a Leveraged & Inverse (High Risk) fund. Recent volatility is 115.4%. Suited for 5/5 risk profile.
2026-01-15,TSLL,Leveraged & Inverse (High Risk),5,1.1268,-0.8115,28388329,"['Leveraged', 'Speculative', 'Day Trading Only', 'Derivatives']",TSLL is a Leveraged & Inverse (High Risk) fund. Recent volatility is 112.7%. Suited for 5/5 risk profile.
